1,33,33,Deposit,406.3,Pending
2,12,116,Transfer,345.95,Pending
3,35,165,Withdrawal,710.69,Pending
4,69,45,Transfer,104.0,Completed
5,19,200,Transfer,529.51,Pending
6,98,100,Deposit,940.22,Pending
7,52,68,Withdrawal,796.46,Pending
8,59,73,Withdrawal,920.11,Completed
9,51,103,Withdrawal,877.65,Failed
10,97,89,Transfer,739.98,Completed
11,39,1,Withdrawal,32.6,Failed
12,97,17,Withdrawal,303.99,Completed
13,19,200,Deposit,248.6,Pending
14,62,160,Withdrawal,255.5,Pending
15,20,9,Transfer,605.13,Pending
16,23,113,Deposit,720.47,Failed
17,20,162,Transfer,434.18,Completed
18,14,37,Deposit,293.91,Pending
19,82,47,Transfer,775.38,Completed
20,100,134,Withdrawal,461.82,Pending
21,70,80,Transfer,993.04,Failed
22,41,154,Withdrawal,668.33,Pending
23,89,54,Transfer,674.98,Completed
24,27,135,Withdrawal,331.98,Pending
25,63,25,Deposit,103.26,Completed
26,5,128,Deposit,433.29,Failed
27,58,32,Withdrawal,113.83,Pending
28,89,54,Deposit,498.03,Completed
29,33,107,Withdrawal,475.39,Pending
30,96,137,Transfer,116.52,Completed
31,49,141,Transfer,64.63,Completed
32,100,177,Deposit,144.95,Pending
33,79,90,Withdrawal,106.17,Pending
34,49,110,Withdrawal,519.15,Failed
35,97,17,Deposit,730.81,Pending
36,37,140,Deposit,536.54,Completed
37,70,36,Transfer,640.8,Pending
38,5,128,Withdrawal,595.05,Completed
39,58,32,Transfer,827.06,Completed
40,97,67,Transfer,978.57,Failed
41,96,152,Transfer,726.83,Pending
42,27,135,Withdrawal,246.11,Pending
43,2,5,Deposit,577.13,Completed
44,90,117,Deposit,837.97,Failed
45,88,19,Withdrawal,903.55,Completed
46,49,181,Transfer,547.4,Failed
47,20,9,Deposit,934.18,Pending
48,28,57,Deposit,689.97,Failed
49,3,159,Withdrawal,613.86,Pending
50,97,67,Deposit,705.31,Completed
51,35,60,Withdrawal,834.42,Failed
52,62,160,Withdrawal,681.02,Failed
53,70,36,Withdrawal,967.24,Pending
54,87,39,Deposit,840.47,Pending
55,34,147,Transfer,830.51,Completed
56,24,176,Transfer,501.35,Pending
57,52,68,Transfer,266.41,Pending
58,14,37,Transfer,472.68,Failed
59,42,179,Deposit,841.64,Completed
60,46,72,Deposit,132.54,Completed
61,41,154,Transfer,323.46,Completed
62,31,26,Deposit,504.74,Pending
63,50,93,Transfer,889.92,Pending
64,69,168,Transfer,844.43,Failed
65,51,194,Withdrawal,324.81,Failed
66,69,168,Withdrawal,196.2,Completed
67,53,55,Deposit,655.31,Completed
68,97,17,Transfer,224.19,Pending
69,58,32,Transfer,515.82,Failed
70,63,25,Withdrawal,602.7,Pending
71,28,57,Deposit,415.39,Failed
72,31,183,Transfer,791.43,Failed
73,34,147,Transfer,766.32,Completed
74,84,4,Transfer,346.4,Failed
75,79,90,Transfer,231.7,Pending
76,75,175,Withdrawal,661.97,Failed
77,96,152,Transfer,163.81,Completed
78,45,28,Deposit,347.29,Pending
79,66,70,Transfer,478.74,Pending
80,32,8,Transfer,560.21,Failed
81,73,123,Deposit,493.67,Completed
82,79,90,Withdrawal,655.41,Failed
83,65,121,Deposit,326.35,Failed
84,41,154,Transfer,81.85,Pending
85,65,121,Deposit,869.55,Pending
86,88,19,Withdrawal,638.02,Completed
87,83,7,Withdrawal,661.09,Pending
88,43,114,Withdrawal,270.64,Failed
89,2,5,Transfer,397.15,Failed
90,3,159,Withdrawal,38.01,Failed
91,49,181,Deposit,82.67,Failed
92,100,177,Transfer,811.96,Completed
93,57,124,Deposit,780.06,Failed
94,18,153,Transfer,390.0,Completed
95,1,101,Deposit,983.97,Pending
96,50,93,Deposit,888.91,Completed
97,59,73,Deposit,331.46,Completed
98,72,193,Withdrawal,306.82,Failed
99,16,49,Deposit,289.25,Completed
100,35,60,Withdrawal,226.22,Failed
101,71,138,Withdrawal,987.61,Failed
102,92,198,Deposit,412.15,Pending
103,21,196,Deposit,702.05,Pending
104,25,111,Withdrawal,279.44,Failed
105,76,96,Withdrawal,451.48,Failed
106,75,175,Transfer,808.8,Pending
107,58,32,Deposit,325.13,Failed
108,50,93,Deposit,692.79,Failed
109,58,32,Transfer,669.88,Completed
110,11,42,Transfer,467.48,Pending
111,9,189,Deposit,529.88,Failed
112,80,62,Deposit,27.07,Pending
113,2,5,Deposit,55.81,Completed
114,31,183,Deposit,668.01,Failed
115,50,186,Withdrawal,681.8,Pending
116,71,51,Withdrawal,928.06,Failed
117,23,113,Transfer,554.52,Completed
118,76,96,Withdrawal,45.07,Pending
119,27,135,Deposit,502.89,Pending
120,22,130,Withdrawal,292.41,Pending
121,71,51,Withdrawal,991.21,Pending
122,10,145,Transfer,387.64,Failed
123,50,125,Withdrawal,759.2,Pending
124,96,152,Withdrawal,635.14,Pending
125,90,117,Deposit,384.92,Pending
126,92,198,Transfer,802.29,Pending
127,15,10,Transfer,496.56,Failed
128,91,173,Transfer,91.91,Failed
129,39,64,Withdrawal,997.12,Pending
130,58,32,Withdrawal,733.23,Failed
131,78,84,Withdrawal,683.22,Failed
132,33,33,Deposit,599.44,Failed
133,14,37,Withdrawal,984.01,Pending
134,44,88,Transfer,662.41,Completed
135,73,21,Deposit,403.79,Completed
136,85,86,Withdrawal,760.56,Pending
137,68,18,Deposit,104.65,Completed
138,75,175,Deposit,11.39,Completed
139,20,164,Deposit,709.22,Failed
140,42,150,Withdrawal,709.18,Completed
141,79,90,Deposit,152.87,Pending
142,90,185,Transfer,91.95,Pending
143,15,126,Withdrawal,519.78,Pending
144,54,129,Withdrawal,507.2,Failed
145,2,5,Deposit,692.17,Failed
146,23,16,Withdrawal,326.57,Failed
147,88,85,Deposit,403.44,Completed
148,2,5,Deposit,983.28,Failed
149,20,164,Transfer,500.5,Completed
150,20,9,Deposit,906.47,Failed
151,82,47,Deposit,501.36,Failed
152,55,120,Withdrawal,441.21,Failed
153,28,57,Transfer,691.18,Pending
154,65,121,Deposit,804.12,Pending
155,22,130,Transfer,527.03,Failed
156,60,15,Withdrawal,660.12,Pending
157,97,89,Withdrawal,680.92,Completed
158,1,101,Deposit,264.99,Pending
159,68,148,Deposit,211.43,Failed
160,79,90,Deposit,314.54,Completed
161,35,165,Deposit,57.91,Pending
162,17,171,Withdrawal,154.76,Pending
163,12,29,Deposit,581.4,Failed
164,1,101,Withdrawal,648.26,Failed
165,91,151,Deposit,456.04,Pending
166,65,121,Transfer,114.44,Completed
167,65,121,Withdrawal,444.9,Pending
168,97,89,Withdrawal,601.36,Completed
169,88,172,Transfer,994.42,Failed
170,9,182,Transfer,651.99,Pending
171,61,41,Transfer,244.3,Completed
172,48,108,Deposit,101.47,Failed
173,71,138,Deposit,215.08,Pending
174,32,8,Transfer,800.6,Pending
175,58,32,Transfer,266.28,Failed
176,1,101,Withdrawal,352.69,Failed
177,27,135,Deposit,418.4,Completed
178,60,15,Transfer,219.09,Failed
179,49,110,Transfer,926.18,Failed
180,34,59,Transfer,474.57,Completed
181,33,107,Transfer,370.8,Pending
182,52,68,Deposit,931.39,Completed
183,59,73,Withdrawal,634.46,Failed
184,70,36,Transfer,46.65,Pending
185,81,46,Withdrawal,467.69,Completed
186,76,96,Transfer,50.85,Completed
187,22,130,Withdrawal,312.51,Completed
188,27,135,Transfer,820.41,Completed
189,9,187,Withdrawal,735.97,Failed
190,48,155,Deposit,896.55,Pending
191,57,146,Deposit,367.45,Pending
192,18,190,Withdrawal,680.19,Pending
193,5,128,Deposit,913.84,Failed
194,2,5,Transfer,973.12,Completed
195,56,94,Transfer,421.72,Failed
196,81,109,Deposit,329.33,Pending
197,51,199,Withdrawal,654.1,Completed
198,17,171,Transfer,114.13,Pending
199,80,122,Deposit,437.53,Completed
200,38,14,Deposit,444.16,Completed
201,38,191,Deposit,930.1,Completed
202,20,9,Withdrawal,470.93,Failed
203,92,198,Deposit,345.62,Completed
204,59,73,Withdrawal,748.42,Pending
205,31,183,Withdrawal,402.52,Pending
206,48,108,Deposit,246.89,Failed
207,10,145,Deposit,68.18,Failed
208,55,3,Transfer,742.23,Failed
209,28,57,Transfer,93.41,Failed
210,58,32,Withdrawal,231.3,Pending
211,10,74,Deposit,438.63,Failed
212,17,171,Withdrawal,29.23,Completed
213,58,32,Transfer,67.44,Pending
214,61,41,Withdrawal,896.38,Failed
215,65,121,Withdrawal,596.14,Failed
216,41,154,Deposit,149.43,Pending
217,87,39,Transfer,109.53,Failed
218,67,95,Withdrawal,195.99,Pending
219,25,111,Deposit,660.97,Failed
220,84,4,Withdrawal,338.76,Completed
221,23,113,Withdrawal,269.36,Pending
222,62,144,Deposit,65.8,Pending
223,65,121,Withdrawal,687.98,Failed
224,49,166,Withdrawal,495.57,Pending
225,12,116,Deposit,950.69,Failed
226,18,153,Deposit,230.27,Failed
227,48,155,Deposit,102.26,Failed
228,18,153,Transfer,428.55,Failed
229,23,113,Deposit,639.27,Completed
230,68,18,Withdrawal,600.47,Pending
231,9,132,Deposit,865.19,Pending
232,9,71,Withdrawal,900.6,Failed
233,60,15,Withdrawal,492.16,Pending
234,85,139,Deposit,507.12,Pending
235,61,41,Transfer,372.21,Failed
236,18,190,Deposit,774.79,Failed
237,78,136,Deposit,450.6,Failed
238,31,158,Transfer,149.85,Pending
239,42,53,Deposit,989.74,Failed
240,69,45,Withdrawal,211.93,Pending
241,23,16,Deposit,748.96,Pending
242,32,8,Deposit,313.36,Failed
243,45,24,Transfer,493.58,Pending
244,41,154,Transfer,88.65,Failed
245,11,23,Transfer,433.35,Completed
246,39,56,Withdrawal,24.38,Completed
247,85,86,Deposit,976.52,Completed
248,30,195,Withdrawal,959.86,Failed
249,11,42,Deposit,229.89,Pending
250,68,6,Transfer,815.72,Completed
251,31,26,Transfer,181.88,Pending
252,59,73,Deposit,450.82,Completed
253,31,158,Deposit,517.77,Failed
254,14,27,Transfer,453.82,Failed
255,49,166,Deposit,529.38,Failed
256,38,50,Deposit,800.66,Failed
257,75,175,Deposit,556.58,Pending
258,92,198,Withdrawal,432.23,Pending
259,53,197,Withdrawal,833.06,Completed
260,18,190,Withdrawal,948.78,Completed
261,60,15,Withdrawal,598.39,Failed
262,32,91,Deposit,90.23,Failed
263,41,154,Deposit,986.12,Pending
264,2,5,Deposit,728.36,Completed
265,5,128,Withdrawal,633.27,Pending
266,52,68,Transfer,75.4,Pending
267,25,111,Deposit,500.43,Pending
268,67,95,Withdrawal,25.5,Completed
269,97,67,Transfer,435.55,Failed
270,34,59,Transfer,193.53,Pending
271,44,188,Withdrawal,416.05,Failed
272,50,143,Transfer,497.18,Pending
273,20,9,Withdrawal,465.11,Failed
274,53,55,Deposit,113.96,Completed
275,35,60,Transfer,920.88,Failed
276,30,192,Withdrawal,378.8,Pending
277,38,191,Transfer,758.82,Completed
278,32,8,Transfer,483.47,Pending
279,60,15,Transfer,335.34,Completed
280,83,7,Deposit,705.69,Completed
281,67,95,Withdrawal,231.61,Completed
282,81,46,Withdrawal,79.12,Failed
283,16,49,Withdrawal,697.6,Failed
284,14,27,Deposit,17.29,Failed
285,63,25,Transfer,561.48,Failed
286,31,183,Transfer,533.08,Completed
287,15,126,Transfer,413.0,Pending
288,75,175,Deposit,857.28,Pending
289,92,198,Deposit,354.84,Pending
290,34,147,Deposit,279.83,Completed
291,34,147,Transfer,530.48,Completed
292,78,84,Transfer,237.59,Pending
293,84,4,Withdrawal,957.22,Failed
294,14,27,Transfer,25.58,Completed
295,58,32,Deposit,469.61,Pending
296,55,120,Withdrawal,393.48,Pending
297,80,122,Transfer,63.63,Pending
298,67,95,Deposit,470.49,Failed
299,45,28,Withdrawal,99.89,Pending
300,14,27,Transfer,243.71,Pending
301,88,172,Deposit,506.62,Pending
302,16,49,Transfer,315.7,Pending
303,42,53,Withdrawal,405.72,Failed
304,20,164,Deposit,314.39,Completed
305,24,176,Transfer,770.95,Failed
306,2,5,Transfer,93.32,Failed
307,41,154,Withdrawal,941.99,Failed
308,54,52,Withdrawal,375.13,Failed
309,58,32,Withdrawal,922.22,Pending
310,51,69,Transfer,591.93,Pending
311,85,86,Deposit,328.87,Failed
312,3,115,Deposit,427.66,Failed
313,20,164,Transfer,79.55,Failed
314,19,200,Transfer,94.75,Completed
315,96,137,Withdrawal,160.49,Failed
316,63,25,Transfer,810.6,Failed
317,32,8,Transfer,820.38,Completed
318,65,121,Transfer,35.4,Completed
319,79,90,Withdrawal,571.0,Pending
320,85,97,Transfer,650.71,Failed
321,49,181,Withdrawal,351.9,Failed
322,69,45,Deposit,273.24,Completed
323,14,27,Transfer,339.17,Completed
324,63,25,Deposit,916.62,Failed
325,14,27,Transfer,287.24,Pending
326,2,5,Withdrawal,775.9,Completed
327,46,72,Transfer,474.75,Completed
328,60,15,Deposit,747.06,Pending
329,1,101,Transfer,778.16,Failed
330,14,37,Deposit,635.99,Failed
331,65,121,Withdrawal,429.46,Pending
332,91,30,Transfer,331.92,Pending
333,39,56,Transfer,287.75,Pending
334,38,50,Deposit,429.69,Pending
335,5,128,Deposit,33.61,Failed
336,44,88,Deposit,84.46,Failed
337,76,96,Withdrawal,526.29,Completed
338,66,70,Withdrawal,794.16,Failed
339,80,122,Transfer,523.58,Pending
340,3,159,Deposit,161.29,Pending
341,61,41,Transfer,93.88,Pending
342,70,36,Transfer,658.41,Pending
343,59,73,Deposit,741.76,Failed
344,69,168,Withdrawal,481.93,Failed
345,61,41,Transfer,341.18,Completed
346,68,148,Transfer,216.28,Completed
347,59,73,Transfer,523.88,Completed
348,34,61,Withdrawal,356.55,Failed
349,67,95,Transfer,315.17,Completed
350,70,36,Transfer,124.68,Failed
351,2,5,Deposit,164.82,Completed
352,100,134,Deposit,108.87,Pending
353,91,30,Withdrawal,196.22,Pending
354,44,170,Transfer,930.46,Pending
355,76,96,Transfer,929.78,Failed
356,58,32,Withdrawal,620.65,Failed
357,60,15,Withdrawal,119.76,Failed
358,3,115,Deposit,114.61,Completed
359,83,7,Withdrawal,939.28,Failed
360,82,47,Deposit,888.3,Completed
361,79,90,Withdrawal,35.31,Failed
362,82,47,Deposit,18.03,Completed
363,41,154,Deposit,511.47,Pending
364,100,134,Deposit,590.22,Completed
365,91,173,Transfer,200.9,Failed
366,75,175,Deposit,293.69,Pending
367,58,32,Transfer,482.78,Pending
368,71,138,Withdrawal,432.91,Failed
369,69,168,Transfer,493.49,Pending
370,88,172,Withdrawal,506.43,Completed
371,20,9,Withdrawal,896.08,Pending
372,83,7,Transfer,845.86,Pending
373,67,95,Withdrawal,918.25,Failed
374,63,25,Transfer,957.42,Completed
375,20,162,Withdrawal,220.16,Completed
376,33,33,Transfer,601.52,Pending
377,11,22,Withdrawal,531.81,Pending
378,30,11,Transfer,389.86,Failed
379,27,135,Transfer,893.24,Pending
380,55,184,Transfer,726.84,Pending
381,10,77,Withdrawal,330.24,Completed
382,5,128,Transfer,844.55,Completed
383,92,34,Withdrawal,601.41,Pending
384,28,57,Deposit,532.63,Failed
385,89,105,Deposit,851.98,Failed
386,54,52,Withdrawal,389.97,Completed
387,37,112,Transfer,610.19,Failed
388,34,61,Withdrawal,782.11,Completed
389,52,68,Transfer,949.7,Completed
390,59,73,Withdrawal,458.4,Failed
391,79,90,Withdrawal,220.28,Pending
392,80,62,Transfer,608.57,Failed
393,75,175,Deposit,38.06,Completed
394,10,77,Deposit,553.87,Completed
395,90,185,Deposit,264.11,Failed
396,30,192,Deposit,900.36,Completed
397,82,47,Transfer,827.56,Failed
398,61,41,Deposit,66.47,Completed
399,10,169,Transfer,501.73,Pending
400,5,128,Withdrawal,720.08,Failed
401,65,121,Withdrawal,330.73,Failed
402,98,98,Deposit,690.07,Failed
403,64,48,Deposit,26.86,Failed
404,14,37,Deposit,239.81,Pending
405,18,153,Deposit,768.12,Failed
406,23,16,Transfer,759.88,Pending
407,42,150,Transfer,51.96,Pending
408,24,176,Deposit,387.13,Completed
409,43,114,Deposit,555.33,Pending
410,33,107,Withdrawal,531.64,Completed
411,43,78,Deposit,698.8,Pending
412,41,154,Deposit,710.89,Completed
413,21,196,Transfer,90.02,Pending
414,67,95,Transfer,14.27,Completed
415,72,193,Deposit,121.01,Completed
416,70,36,Withdrawal,798.88,Completed
417,11,23,Deposit,291.87,Failed
418,12,29,Withdrawal,804.35,Completed
419,87,39,Transfer,536.0,Failed
420,9,187,Withdrawal,308.31,Failed
421,55,3,Deposit,439.56,Pending
422,71,51,Withdrawal,278.06,Completed
423,21,196,Deposit,336.71,Pending
424,78,136,Withdrawal,756.05,Completed
425,62,167,Transfer,22.33,Completed
426,14,37,Deposit,479.65,Pending
427,24,176,Withdrawal,238.53,Failed
428,61,41,Withdrawal,154.16,Failed
429,11,42,Deposit,345.52,Failed
430,2,5,Transfer,17.91,Completed
431,43,114,Deposit,401.91,Failed
432,24,176,Deposit,166.69,Pending
433,60,15,Deposit,608.1,Completed
434,84,131,Deposit,712.1,Failed
435,78,84,Withdrawal,986.0,Pending
436,47,2,Deposit,550.62,Pending
437,55,3,Deposit,15.81,Failed
438,83,7,Withdrawal,578.14,Pending
439,46,40,Transfer,252.07,Failed
440,37,140,Transfer,947.13,Pending
441,91,173,Transfer,949.79,Failed
442,43,78,Transfer,841.88,Completed
443,33,33,Transfer,262.05,Completed
444,87,39,Withdrawal,696.25,Failed
445,85,139,Withdrawal,516.49,Failed
446,72,193,Transfer,594.16,Pending
447,67,95,Transfer,58.27,Completed
448,15,126,Transfer,293.45,Failed
449,56,94,Deposit,95.54,Failed
450,67,95,Withdrawal,655.74,Completed
451,97,17,Deposit,866.35,Failed
452,17,171,Transfer,385.02,Completed
453,85,86,Deposit,73.66,Pending
454,23,113,Deposit,842.61,Completed
455,43,78,Deposit,909.4,Failed
456,28,57,Transfer,583.97,Failed
457,42,179,Withdrawal,351.24,Completed
458,84,4,Withdrawal,84.9,Pending
459,78,136,Deposit,811.92,Pending
460,53,133,Withdrawal,224.61,Completed
461,55,120,Transfer,296.34,Failed
462,78,136,Withdrawal,593.53,Failed
463,96,137,Deposit,52.06,Failed
464,9,189,Withdrawal,112.01,Pending
465,58,32,Transfer,120.68,Pending
466,64,48,Withdrawal,716.77,Pending
467,58,32,Transfer,313.86,Failed
468,60,15,Transfer,206.48,Pending
469,57,146,Deposit,979.36,Pending
470,85,139,Withdrawal,929.22,Completed
471,78,136,Transfer,836.03,Completed
472,96,152,Withdrawal,240.68,Failed
473,83,7,Withdrawal,999.08,Failed
474,27,135,Deposit,566.13,Failed
475,71,51,Transfer,719.89,Pending
476,75,175,Deposit,194.57,Pending
477,72,193,Withdrawal,353.27,Completed
478,92,198,Withdrawal,303.96,Pending
479,53,197,Transfer,968.36,Pending
480,57,146,Transfer,485.39,Failed
481,23,16,Transfer,919.62,Completed
482,46,72,Transfer,600.28,Pending
483,65,121,Deposit,608.68,Pending
484,48,108,Transfer,178.49,Pending
485,35,165,Deposit,581.31,Pending
486,27,135,Deposit,637.42,Completed
487,1,101,Deposit,776.04,Pending
488,42,179,Deposit,825.68,Pending
489,31,158,Deposit,547.94,Pending
490,51,103,Withdrawal,423.72,Failed
491,30,195,Withdrawal,394.93,Completed
492,10,169,Deposit,811.0,Completed
493,88,172,Deposit,86.89,Failed
494,39,1,Withdrawal,524.41,Pending
495,96,137,Deposit,149.0,Completed
496,59,73,Withdrawal,557.24,Pending
497,65,121,Withdrawal,309.03,Completed
498,97,17,Withdrawal,645.27,Completed
499,64,48,Deposit,892.98,Failed
500,20,162,Transfer,469.19,Pending
501,50,125,Transfer,802.39,Pending
502,100,177,Transfer,295.46,Completed
503,32,87,Withdrawal,853.73,Completed
504,20,164,Deposit,292.64,Failed
505,15,10,Transfer,488.55,Completed
506,23,113,Transfer,55.78,Failed
507,55,3,Withdrawal,49.54,Completed
508,33,33,Withdrawal,667.22,Completed
509,75,175,Transfer,394.57,Completed
510,4,102,Withdrawal,908.27,Pending
511,100,134,Transfer,614.77,Failed
512,60,15,Deposit,75.54,Pending
513,79,90,Withdrawal,67.18,Pending
514,50,93,Transfer,956.34,Completed
515,92,198,Withdrawal,953.07,Failed
516,68,148,Deposit,303.21,Pending
517,60,15,Deposit,351.64,Pending
518,81,109,Deposit,457.09,Completed
519,2,5,Deposit,653.28,Failed
520,100,177,Transfer,371.38,Completed
521,97,89,Transfer,243.44,Pending
522,91,151,Withdrawal,312.54,Completed
523,73,157,Transfer,552.53,Completed
524,33,33,Withdrawal,49.81,Failed
525,3,159,Transfer,795.45,Completed
526,58,32,Withdrawal,206.72,Completed
527,32,87,Withdrawal,627.78,Completed
528,57,178,Transfer,937.55,Failed
529,19,200,Withdrawal,168.74,Failed
530,3,115,Deposit,631.03,Pending
531,83,7,Withdrawal,943.26,Completed
532,47,20,Withdrawal,313.32,Failed
533,5,128,Deposit,440.82,Pending
534,72,193,Transfer,741.88,Pending
535,78,136,Transfer,417.27,Pending
536,32,91,Withdrawal,920.54,Failed
537,52,68,Deposit,965.85,Pending
538,9,187,Deposit,323.38,Completed
539,78,136,Deposit,233.81,Pending
540,30,11,Deposit,978.13,Pending
541,25,111,Deposit,85.46,Pending
542,32,87,Transfer,884.32,Completed
543,51,199,Transfer,564.79,Pending
544,100,134,Deposit,807.12,Completed
545,56,94,Transfer,438.64,Failed
546,85,97,Deposit,888.45,Completed
547,100,177,Withdrawal,642.47,Pending
548,51,69,Transfer,100.64,Completed
549,44,170,Withdrawal,463.64,Failed
550,79,90,Withdrawal,627.97,Pending
551,81,109,Deposit,948.45,Failed
552,83,7,Transfer,726.47,Pending
553,31,158,Deposit,429.26,Failed
554,91,151,Withdrawal,480.07,Failed
555,20,164,Transfer,749.38,Completed
556,79,90,Deposit,348.69,Pending
557,45,24,Transfer,496.1,Pending
558,1,101,Transfer,580.25,Completed
559,43,78,Withdrawal,150.39,Failed
560,10,145,Deposit,611.7,Completed
561,2,5,Withdrawal,100.2,Completed
562,91,151,Deposit,534.08,Pending
563,23,16,Withdrawal,462.76,Failed
564,71,51,Withdrawal,135.22,Pending
565,49,166,Transfer,33.68,Pending
566,79,90,Withdrawal,719.97,Failed
567,14,27,Transfer,977.38,Pending
568,15,126,Withdrawal,857.23,Failed
569,50,93,Deposit,711.68,Failed
570,32,87,Deposit,709.79,Failed
571,42,150,Transfer,309.6,Pending
572,61,41,Withdrawal,72.34,Failed
573,55,142,Withdrawal,980.27,Completed
574,47,2,Withdrawal,732.86,Completed
575,87,39,Transfer,522.17,Failed
576,73,157,Withdrawal,870.03,Failed
577,28,57,Withdrawal,186.32,Completed
578,1,101,Deposit,200.43,Completed
579,2,5,Withdrawal,92.45,Failed
580,32,8,Deposit,108.08,Completed
581,82,47,Withdrawal,960.29,Pending
582,98,98,Transfer,884.96,Completed
583,3,159,Deposit,329.41,Failed
584,45,174,Withdrawal,631.97,Completed
585,19,200,Transfer,323.89,Completed
586,2,5,Withdrawal,550.4,Pending
587,5,128,Transfer,199.81,Failed
588,51,103,Withdrawal,745.6,Completed
589,23,113,Deposit,950.6,Completed
590,50,143,Withdrawal,959.21,Failed
591,20,9,Withdrawal,696.69,Pending
592,64,66,Deposit,392.68,Pending
593,71,51,Deposit,432.9,Failed
594,65,121,Deposit,271.61,Pending
595,4,102,Withdrawal,624.5,Pending
596,76,96,Withdrawal,124.67,Pending
597,48,155,Deposit,243.5,Failed
598,59,73,Withdrawal,760.49,Pending
599,35,60,Transfer,564.13,Pending
600,35,165,Deposit,186.53,Failed
601,97,67,Withdrawal,545.44,Pending
602,14,37,Deposit,707.78,Failed
603,97,89,Deposit,740.71,Pending
604,10,77,Deposit,405.23,Pending
605,67,95,Withdrawal,313.23,Completed
606,4,102,Transfer,360.9,Failed
607,80,122,Deposit,995.05,Failed
608,14,37,Withdrawal,699.17,Failed
609,41,154,Transfer,614.4,Failed
610,100,177,Deposit,807.17,Failed
611,49,166,Transfer,54.69,Failed
612,54,163,Deposit,611.57,Completed
613,35,60,Transfer,175.54,Completed
614,89,105,Deposit,624.85,Failed
615,78,136,Withdrawal,505.04,Failed
616,9,132,Withdrawal,908.03,Pending
617,82,58,Withdrawal,400.87,Pending
618,73,157,Deposit,840.05,Failed
619,33,107,Withdrawal,975.41,Pending
620,35,60,Deposit,979.25,Pending
621,65,121,Deposit,694.14,Failed
622,57,124,Deposit,593.14,Pending
623,33,33,Deposit,530.61,Completed
624,98,98,Deposit,212.34,Failed
625,27,135,Deposit,89.65,Completed
626,70,36,Deposit,38.64,Completed
627,59,73,Deposit,822.24,Pending
628,35,60,Withdrawal,841.61,Completed
629,56,94,Transfer,340.17,Completed
630,76,96,Deposit,354.59,Failed
631,96,152,Withdrawal,644.57,Failed
632,54,81,Deposit,18.51,Completed
633,71,51,Withdrawal,677.44,Failed
634,81,109,Deposit,307.62,Completed
635,54,163,Transfer,951.79,Pending
636,89,54,Deposit,381.36,Completed
637,3,104,Deposit,950.44,Completed
638,68,6,Withdrawal,679.93,Failed
639,18,190,Withdrawal,16.36,Completed
640,44,88,Transfer,333.77,Pending
641,54,81,Deposit,842.7,Pending
642,82,47,Deposit,896.04,Pending
643,24,176,Withdrawal,956.94,Pending
644,79,90,Deposit,499.92,Pending
645,92,198,Withdrawal,164.87,Failed
646,85,97,Withdrawal,994.85,Failed
647,76,96,Withdrawal,755.73,Pending
648,45,24,Transfer,84.57,Pending
649,23,16,Transfer,368.33,Pending
650,2,5,Withdrawal,396.61,Completed
651,52,68,Withdrawal,217.81,Failed
652,37,112,Deposit,293.91,Completed
653,92,34,Transfer,528.35,Failed
654,89,54,Deposit,977.55,Completed
655,98,100,Withdrawal,96.79,Completed
656,51,69,Deposit,454.44,Pending
657,63,25,Transfer,718.4,Completed
658,84,131,Transfer,866.55,Failed
659,84,131,Transfer,400.5,Completed
660,17,171,Deposit,291.13,Failed
661,30,11,Transfer,122.16,Pending
662,16,49,Withdrawal,857.73,Pending
663,28,57,Transfer,512.07,Pending
664,83,7,Transfer,25.57,Failed
665,3,115,Deposit,924.35,Failed
666,5,128,Deposit,700.38,Failed
667,92,34,Withdrawal,815.67,Completed
668,41,154,Withdrawal,111.43,Pending
669,61,41,Transfer,104.82,Completed
670,28,57,Deposit,862.94,Pending
671,5,128,Transfer,976.78,Completed
672,48,155,Withdrawal,368.88,Completed
673,49,110,Deposit,722.99,Failed
674,69,45,Withdrawal,146.21,Pending
675,14,27,Transfer,959.74,Failed
676,60,15,Withdrawal,696.5,Failed
677,55,184,Transfer,921.86,Failed
678,5,128,Transfer,148.67,Failed
679,14,37,Deposit,732.78,Completed
680,76,96,Withdrawal,649.27,Completed
681,49,110,Transfer,853.34,Pending
682,85,139,Transfer,816.21,Failed
683,66,70,Deposit,926.12,Completed
684,48,108,Withdrawal,770.81,Failed
685,88,19,Withdrawal,704.87,Completed
686,53,197,Withdrawal,975.37,Pending
687,82,65,Withdrawal,354.4,Completed
688,54,52,Deposit,249.23,Failed
689,62,161,Withdrawal,185.14,Completed
690,42,179,Transfer,491.42,Completed
691,5,128,Withdrawal,782.84,Failed
692,53,133,Transfer,86.75,Pending
693,47,2,Deposit,406.23,Pending
694,25,111,Deposit,931.28,Failed
695,71,138,Transfer,442.83,Pending
696,41,154,Deposit,168.9,Completed
697,61,41,Withdrawal,336.54,Failed
698,32,91,Transfer,153.77,Failed
699,64,31,Deposit,668.77,Completed
700,42,150,Deposit,910.43,Completed
701,60,15,Deposit,728.44,Completed
702,24,176,Withdrawal,251.65,Failed
703,3,115,Withdrawal,978.13,Completed
704,30,11,Withdrawal,120.29,Failed
705,49,141,Transfer,63.52,Failed
706,82,65,Deposit,368.75,Pending
707,14,37,Withdrawal,509.94,Failed
708,87,39,Transfer,478.64,Completed
709,33,33,Deposit,490.31,Completed
710,15,126,Deposit,557.47,Failed
711,3,104,Deposit,52.95,Failed
712,73,123,Transfer,772.38,Pending
713,3,115,Transfer,674.32,Failed
714,62,144,Deposit,792.03,Pending
715,45,24,Withdrawal,403.8,Completed
716,53,133,Transfer,491.44,Pending
717,30,192,Transfer,367.04,Completed
718,50,186,Withdrawal,952.01,Pending
719,4,102,Transfer,633.61,Completed
720,39,64,Withdrawal,838.32,Completed
721,33,107,Transfer,969.84,Pending
722,72,193,Deposit,590.69,Pending
723,45,24,Deposit,930.71,Completed
724,38,50,Withdrawal,327.09,Failed
725,25,111,Transfer,216.6,Completed
726,3,104,Transfer,534.88,Failed
727,59,73,Transfer,704.2,Completed
728,47,2,Withdrawal,191.63,Pending
729,76,96,Withdrawal,581.54,Failed
730,20,162,Transfer,636.05,Pending
731,87,39,Transfer,268.87,Completed
732,48,108,Withdrawal,595.92,Pending
733,73,123,Withdrawal,554.76,Completed
734,23,16,Withdrawal,448.85,Pending
735,37,140,Transfer,695.81,Completed
736,18,153,Deposit,372.5,Completed
737,11,23,Withdrawal,891.44,Completed
738,16,49,Deposit,984.18,Failed
739,14,27,Deposit,374.94,Failed
740,39,64,Deposit,218.55,Failed
741,24,176,Withdrawal,846.55,Completed
742,97,67,Withdrawal,750.09,Completed
743,14,37,Withdrawal,723.45,Pending
744,44,99,Transfer,989.45,Failed
745,83,7,Transfer,121.54,Completed
746,11,22,Transfer,443.17,Failed
747,80,122,Withdrawal,568.2,Pending
748,48,108,Withdrawal,333.39,Completed
749,30,192,Withdrawal,970.5,Failed
750,28,57,Transfer,190.99,Completed
751,97,17,Withdrawal,776.85,Failed
752,96,137,Withdrawal,796.96,Completed
753,9,187,Transfer,425.19,Failed
754,87,39,Deposit,805.94,Pending
755,23,113,Withdrawal,788.03,Completed
756,81,180,Transfer,897.6,Failed
757,98,100,Transfer,317.09,Pending
758,21,196,Transfer,402.73,Completed
759,78,84,Deposit,155.35,Completed
760,10,169,Transfer,483.66,Completed
761,2,5,Withdrawal,540.02,Completed
762,49,166,Withdrawal,693.58,Failed
763,84,4,Deposit,761.66,Failed
764,3,159,Withdrawal,334.44,Pending
765,54,81,Deposit,101.82,Pending
766,39,56,Withdrawal,389.28,Completed
767,23,16,Deposit,962.58,Pending
768,90,185,Transfer,937.48,Completed
769,47,20,Deposit,294.06,Failed
770,91,173,Deposit,748.69,Completed
771,49,166,Transfer,731.36,Failed
772,100,177,Deposit,42.94,Failed
773,84,4,Transfer,663.16,Completed
774,79,90,Withdrawal,858.65,Failed
775,66,70,Withdrawal,65.0,Completed
776,83,7,Transfer,458.19,Failed
777,52,68,Withdrawal,902.2,Failed
778,47,20,Withdrawal,37.11,Failed
779,62,167,Transfer,554.2,Completed
780,17,171,Withdrawal,19.41,Failed
781,32,87,Transfer,171.05,Pending
782,28,57,Withdrawal,209.5,Pending
783,21,196,Withdrawal,183.6,Failed
784,48,108,Deposit,861.28,Completed
785,91,151,Withdrawal,891.71,Pending
786,54,52,Transfer,783.1,Failed
787,69,168,Deposit,37.67,Completed
788,5,128,Deposit,976.54,Completed
789,66,70,Deposit,202.5,Completed
790,41,154,Transfer,822.42,Failed
791,59,73,Withdrawal,341.96,Failed
792,64,48,Transfer,964.34,Pending
793,54,163,Deposit,588.73,Completed
794,14,27,Withdrawal,395.77,Failed
795,56,94,Transfer,227.81,Pending
796,41,154,Deposit,222.62,Pending
797,22,76,Withdrawal,713.62,Failed
798,43,114,Transfer,865.67,Failed
799,9,149,Withdrawal,809.89,Pending
800,46,40,Deposit,937.13,Completed
801,16,49,Transfer,780.76,Failed
802,23,113,Transfer,413.68,Failed
803,37,112,Withdrawal,425.96,Failed
804,9,187,Transfer,483.41,Failed
805,11,23,Transfer,141.5,Completed
806,35,165,Withdrawal,838.24,Failed
807,80,122,Deposit,221.09,Completed
808,55,184,Deposit,372.6,Pending
809,48,108,Withdrawal,988.86,Completed
810,76,96,Withdrawal,532.91,Pending
811,80,62,Withdrawal,441.11,Failed
812,61,41,Deposit,528.42,Failed
813,9,189,Transfer,44.61,Completed
814,16,49,Withdrawal,239.37,Pending
815,64,66,Transfer,727.86,Completed
816,45,174,Withdrawal,759.9,Completed
817,18,153,Withdrawal,251.09,Pending
818,42,53,Transfer,561.27,Failed
819,58,32,Withdrawal,913.08,Completed
820,81,109,Deposit,48.33,Pending
821,15,10,Transfer,268.68,Completed
822,39,1,Withdrawal,608.75,Completed
823,45,174,Withdrawal,246.01,Completed
824,5,128,Withdrawal,23.11,Pending
825,3,104,Deposit,918.44,Failed
826,46,40,Deposit,566.22,Failed
827,53,127,Withdrawal,10.74,Pending
828,34,61,Deposit,344.09,Failed
829,91,151,Deposit,52.9,Completed
830,55,120,Withdrawal,847.36,Completed
831,73,21,Deposit,671.97,Pending
832,44,170,Deposit,721.46,Failed
833,22,130,Withdrawal,529.71,Failed
834,54,52,Transfer,519.21,Failed
835,78,136,Transfer,96.85,Pending
836,88,172,Deposit,201.17,Failed
837,15,10,Transfer,268.11,Failed
838,76,96,Withdrawal,610.13,Pending
839,43,78,Deposit,826.82,Failed
840,35,165,Deposit,889.85,Failed
841,30,195,Deposit,622.66,Failed
842,28,57,Deposit,656.12,Pending
843,4,102,Deposit,993.95,Failed
844,43,114,Deposit,659.04,Completed
845,24,176,Transfer,374.65,Completed
846,100,177,Withdrawal,404.42,Completed
847,14,27,Deposit,502.01,Failed
848,10,74,Withdrawal,21.25,Pending
849,19,200,Withdrawal,495.72,Failed
850,20,164,Transfer,19.61,Failed
851,73,123,Deposit,86.89,Pending
852,100,177,Transfer,504.71,Failed
853,5,128,Withdrawal,490.9,Pending
854,45,24,Withdrawal,747.09,Pending
855,38,50,Deposit,983.01,Failed
856,62,161,Withdrawal,714.6,Pending
857,37,82,Transfer,313.64,Completed
858,59,73,Transfer,577.96,Completed
859,52,68,Withdrawal,269.28,Pending
860,21,196,Deposit,812.5,Completed
861,25,111,Transfer,323.47,Completed
862,46,72,Transfer,495.96,Failed
863,15,126,Withdrawal,121.34,Failed
864,17,171,Withdrawal,18.62,Pending
865,57,178,Deposit,848.52,Completed
866,91,30,Transfer,805.76,Failed
867,30,192,Withdrawal,902.6,Failed
868,1,101,Transfer,394.32,Pending
869,62,167,Transfer,899.11,Failed
870,56,94,Transfer,457.34,Failed
871,31,26,Transfer,912.63,Pending
872,18,153,Withdrawal,574.56,Failed
873,57,146,Deposit,522.95,Failed
874,17,171,Withdrawal,208.58,Pending
875,63,25,Deposit,65.57,Failed
876,61,41,Withdrawal,386.67,Failed
877,70,80,Withdrawal,378.06,Completed
878,48,155,Withdrawal,209.72,Failed
879,16,49,Withdrawal,967.73,Completed
880,85,86,Withdrawal,491.16,Failed
881,18,38,Withdrawal,973.93,Failed
882,16,49,Withdrawal,286.01,Pending
883,62,144,Withdrawal,921.27,Completed
884,88,85,Withdrawal,150.94,Failed
885,11,23,Deposit,178.88,Failed
886,78,136,Transfer,205.7,Completed
887,84,131,Withdrawal,175.14,Failed
888,64,31,Deposit,922.25,Failed
889,3,115,Deposit,776.64,Failed
890,11,22,Deposit,772.96,Pending
891,88,172,Deposit,863.0,Failed
892,35,165,Withdrawal,763.21,Pending
893,55,120,Transfer,986.65,Completed
894,91,151,Transfer,715.0,Completed
895,39,119,Transfer,303.78,Completed
896,20,164,Deposit,800.7,Completed
897,82,47,Deposit,162.99,Failed
898,45,174,Transfer,170.32,Failed
899,92,83,Withdrawal,747.68,Pending
900,64,66,Deposit,27.06,Pending
901,27,135,Transfer,623.44,Pending
902,19,200,Withdrawal,997.2,Pending
903,2,5,Deposit,672.16,Pending
904,47,2,Transfer,848.05,Pending
905,50,143,Deposit,794.16,Pending
906,23,16,Transfer,168.51,Failed
907,49,141,Deposit,112.42,Completed
908,67,95,Withdrawal,36.09,Failed
909,30,192,Withdrawal,208.75,Completed
910,73,157,Deposit,13.3,Completed
911,97,17,Deposit,307.92,Completed
912,50,143,Transfer,618.16,Completed
913,72,193,Withdrawal,54.47,Failed
914,2,5,Deposit,143.33,Failed
915,62,161,Deposit,436.33,Pending
916,34,147,Transfer,535.31,Completed
917,44,99,Withdrawal,36.59,Failed
918,30,192,Withdrawal,982.25,Failed
919,80,62,Transfer,780.6,Pending
920,62,13,Transfer,180.23,Failed
921,59,73,Transfer,748.64,Pending
922,85,86,Deposit,990.5,Pending
923,17,171,Withdrawal,928.53,Completed
924,62,160,Transfer,774.31,Pending
925,90,117,Withdrawal,943.26,Failed
926,5,128,Withdrawal,965.14,Pending
927,63,25,Deposit,337.58,Completed
928,57,178,Withdrawal,777.63,Pending
929,38,14,Transfer,50.47,Pending
930,87,39,Deposit,630.03,Failed
931,15,10,Withdrawal,127.87,Pending
932,72,193,Withdrawal,393.54,Failed
933,20,164,Withdrawal,489.98,Failed
934,65,121,Deposit,68.69,Pending
935,20,9,Deposit,611.99,Failed
936,78,136,Deposit,308.59,Failed
937,22,130,Withdrawal,434.35,Failed
938,80,62,Transfer,348.42,Pending
939,90,117,Withdrawal,86.17,Pending
940,43,114,Withdrawal,301.8,Failed
941,67,95,Deposit,282.78,Pending
942,47,20,Withdrawal,590.74,Failed
943,100,134,Transfer,938.36,Pending
944,5,128,Deposit,56.05,Pending
945,12,44,Withdrawal,434.56,Completed
946,59,73,Transfer,813.73,Completed
947,32,87,Withdrawal,908.29,Completed
948,14,27,Withdrawal,887.64,Pending
949,28,57,Transfer,183.96,Pending
950,72,193,Withdrawal,459.64,Pending
951,38,14,Transfer,711.88,Failed
952,24,176,Transfer,124.99,Completed
953,70,80,Deposit,463.89,Failed
954,39,64,Deposit,308.52,Completed
955,20,164,Withdrawal,341.56,Completed
956,4,102,Deposit,486.53,Pending
957,60,15,Withdrawal,844.24,Completed
958,71,138,Deposit,626.66,Pending
959,91,151,Deposit,190.73,Failed
960,69,168,Withdrawal,965.62,Failed
961,10,74,Withdrawal,295.38,Failed
962,22,76,Withdrawal,705.43,Failed
963,47,20,Withdrawal,938.94,Completed
964,21,196,Transfer,993.52,Completed
965,61,41,Transfer,520.57,Pending
966,20,162,Withdrawal,368.96,Completed
967,59,73,Transfer,503.64,Failed
968,14,37,Transfer,508.57,Failed
969,90,117,Withdrawal,584.66,Failed
970,57,178,Transfer,559.02,Completed
971,17,171,Transfer,780.25,Completed
972,43,114,Deposit,74.02,Completed
973,71,138,Withdrawal,874.29,Failed
974,75,175,Transfer,917.56,Completed
975,54,81,Deposit,203.47,Pending
976,38,191,Transfer,221.86,Pending
977,24,176,Deposit,946.21,Pending
978,88,172,Withdrawal,332.19,Pending
979,23,16,Withdrawal,944.76,Failed
980,48,108,Transfer,603.71,Completed
981,44,99,Transfer,178.4,Pending
982,10,77,Deposit,162.66,Completed
983,27,135,Transfer,309.64,Failed
984,10,169,Deposit,405.11,Pending
985,73,21,Transfer,977.84,Pending
986,87,39,Deposit,655.71,Completed
987,19,200,Deposit,864.1,Pending
988,75,175,Transfer,527.44,Failed
989,79,90,Deposit,257.87,Failed
990,87,39,Withdrawal,36.5,Completed
991,72,193,Transfer,899.24,Pending
992,4,102,Deposit,775.95,Failed
993,51,199,Withdrawal,187.3,Pending
994,62,13,Transfer,326.75,Pending
995,92,198,Withdrawal,724.68,Pending
996,1,101,Transfer,959.37,Failed
997,52,68,Transfer,747.86,Pending
998,90,185,Transfer,767.75,Completed
999,73,21,Deposit,21.7,Pending
1000,28,57,Transfer,591.22,Failed
1001,72,193,Deposit,882.68,Failed
1002,88,85,Transfer,85.2,Completed
1003,41,154,Withdrawal,97.08,Failed
1004,45,28,Deposit,798.03,Pending
1005,24,176,Transfer,425.97,Failed
1006,11,22,Transfer,600.85,Failed
1007,88,19,Transfer,640.01,Pending
1008,20,164,Withdrawal,269.67,Pending
1009,89,54,Withdrawal,358.94,Failed
1010,72,193,Transfer,59.85,Completed
1011,55,120,Transfer,156.52,Failed
1012,34,147,Withdrawal,690.15,Pending
1013,72,193,Deposit,485.65,Pending
1014,49,166,Withdrawal,117.65,Completed
1015,47,20,Withdrawal,508.16,Completed
1016,79,90,Withdrawal,665.66,Pending
1017,34,59,Deposit,364.94,Completed
1018,11,23,Withdrawal,167.18,Failed
1019,46,40,Deposit,150.41,Completed
1020,47,20,Withdrawal,238.45,Completed
1021,52,68,Deposit,378.14,Pending
1022,45,174,Deposit,447.09,Pending
1023,80,122,Withdrawal,258.32,Pending
1024,56,94,Deposit,831.12,Failed
1025,69,168,Withdrawal,470.83,Pending
1026,2,5,Transfer,607.9,Completed
1027,97,67,Deposit,191.6,Pending
1028,64,31,Transfer,758.91,Pending
1029,44,170,Withdrawal,194.67,Failed
1030,25,111,Transfer,891.36,Pending
1031,21,196,Transfer,790.49,Completed
1032,51,103,Deposit,749.63,Completed
1033,4,102,Deposit,265.93,Completed
1034,58,32,Withdrawal,739.82,Failed
1035,58,32,Deposit,706.8,Failed
1036,49,181,Withdrawal,561.29,Failed
1037,34,147,Transfer,13.26,Pending
1038,24,176,Transfer,508.32,Pending
1039,14,37,Withdrawal,702.74,Failed
1040,45,28,Withdrawal,106.93,Failed
1041,37,82,Deposit,174.29,Pending
1042,47,2,Deposit,612.76,Pending
1043,17,171,Deposit,560.11,Completed
1044,97,17,Withdrawal,669.81,Completed
1045,73,157,Transfer,782.85,Failed
1046,42,53,Transfer,969.05,Failed
1047,54,81,Withdrawal,23.29,Completed
1048,43,114,Withdrawal,669.03,Pending
1049,21,196,Transfer,239.12,Failed
1050,10,145,Deposit,874.82,Pending
1051,32,91,Withdrawal,115.35,Failed
1052,33,107,Withdrawal,59.6,Pending
1053,97,89,Transfer,899.87,Failed
1054,24,176,Deposit,418.4,Pending
1055,44,88,Deposit,395.89,Completed
1056,67,95,Withdrawal,340.02,Failed
1057,30,195,Deposit,677.98,Completed
1058,88,19,Withdrawal,254.98,Failed
1059,62,167,Transfer,203.33,Completed
1060,68,18,Withdrawal,375.42,Failed
1061,81,46,Deposit,193.24,Failed
1062,55,142,Transfer,954.03,Pending
1063,4,102,Transfer,973.52,Pending
1064,50,12,Withdrawal,155.98,Completed
1065,89,105,Deposit,490.96,Failed
1066,38,14,Withdrawal,456.75,Completed
1067,71,138,Transfer,392.29,Pending
1068,30,192,Withdrawal,482.05,Failed
1069,66,70,Transfer,154.43,Pending
1070,27,135,Deposit,474.33,Pending
1071,49,110,Withdrawal,847.51,Failed
1072,54,81,Transfer,953.56,Failed
1073,16,49,Deposit,558.74,Failed
1074,38,50,Deposit,136.35,Completed
1075,76,96,Transfer,655.46,Failed
1076,11,22,Deposit,537.91,Completed
1077,100,177,Transfer,718.78,Completed
1078,71,138,Transfer,552.23,Completed
1079,80,62,Transfer,381.49,Completed
1080,71,138,Transfer,779.26,Failed
1081,88,85,Deposit,717.37,Failed
1082,16,49,Deposit,26.82,Failed
1083,42,53,Withdrawal,125.59,Completed
1084,16,49,Withdrawal,719.58,Pending
1085,53,197,Deposit,770.48,Completed
1086,56,94,Withdrawal,989.36,Failed
1087,61,41,Transfer,607.42,Pending
1088,41,154,Withdrawal,51.38,Failed
1089,28,57,Deposit,58.1,Completed
1090,70,80,Withdrawal,129.42,Failed
1091,31,183,Withdrawal,108.34,Failed
1092,1,101,Deposit,280.44,Failed
1093,89,54,Transfer,856.25,Failed
1094,78,84,Deposit,382.44,Failed
1095,23,16,Withdrawal,923.86,Failed
1096,65,121,Transfer,167.18,Completed
1097,85,86,Transfer,20.21,Failed
1098,97,67,Deposit,605.64,Failed
1099,60,15,Withdrawal,716.89,Failed
1100,61,41,Transfer,302.91,Failed
1101,44,170,Withdrawal,433.97,Pending
1102,92,83,Transfer,428.84,Pending
1103,27,135,Transfer,209.29,Failed
1104,30,195,Withdrawal,390.31,Pending
1105,20,9,Deposit,614.36,Failed
1106,25,111,Withdrawal,538.43,Pending
1107,10,77,Transfer,266.29,Pending
1108,70,36,Withdrawal,974.98,Failed
1109,2,5,Withdrawal,192.49,Pending
1110,47,2,Withdrawal,314.42,Failed
1111,35,165,Deposit,202.91,Completed
1112,100,134,Deposit,385.36,Pending
1113,76,96,Withdrawal,965.18,Pending
1114,27,135,Deposit,809.69,Failed
1115,17,171,Deposit,750.22,Completed
1116,22,76,Deposit,763.01,Failed
1117,34,59,Withdrawal,913.59,Failed
1118,72,193,Withdrawal,966.87,Failed
1119,11,42,Transfer,49.68,Failed
1120,35,60,Transfer,991.26,Failed
1121,23,16,Transfer,217.85,Pending
1122,53,197,Deposit,243.71,Completed
1123,64,48,Transfer,276.04,Completed
1124,50,143,Deposit,317.5,Pending
1125,76,96,Withdrawal,364.62,Failed
1126,51,69,Transfer,46.46,Pending
1127,21,196,Deposit,199.97,Pending
1128,79,90,Deposit,141.86,Pending
1129,98,98,Deposit,392.08,Completed
1130,66,70,Withdrawal,884.78,Failed
1131,21,196,Withdrawal,576.85,Completed
1132,4,102,Transfer,440.06,Pending
1133,58,32,Transfer,637.97,Failed
1134,2,5,Transfer,472.22,Pending
1135,22,92,Transfer,644.51,Pending
1136,81,46,Transfer,141.19,Pending
1137,45,28,Withdrawal,708.82,Completed
1138,31,26,Deposit,874.03,Failed
1139,59,73,Transfer,228.6,Failed
1140,39,1,Transfer,52.41,Pending
1141,54,129,Transfer,429.26,Completed
1142,4,102,Withdrawal,216.35,Completed
1143,10,169,Transfer,382.44,Failed
1144,31,158,Withdrawal,18.03,Completed
1145,68,18,Transfer,812.88,Failed
1146,98,100,Deposit,706.9,Pending
1147,23,113,Deposit,141.25,Failed
1148,5,128,Withdrawal,763.44,Pending
1149,16,49,Transfer,213.33,Pending
1150,28,57,Withdrawal,474.82,Failed
1151,18,153,Transfer,192.07,Completed
1152,98,98,Withdrawal,952.72,Failed
1153,42,179,Deposit,742.8,Completed
1154,51,69,Withdrawal,749.04,Completed
1155,89,54,Transfer,40.06,Pending
1156,12,29,Deposit,332.2,Completed
1157,67,95,Transfer,979.46,Pending
1158,12,116,Deposit,462.41,Failed
1159,25,111,Transfer,290.87,Pending
1160,31,158,Transfer,560.55,Pending
1161,38,191,Transfer,39.64,Failed
1162,16,49,Deposit,24.99,Pending
1163,68,148,Transfer,800.01,Pending
1164,52,68,Deposit,627.54,Pending
1165,76,96,Withdrawal,907.9,Completed
1166,15,10,Withdrawal,581.46,Pending
1167,69,45,Deposit,793.53,Completed
1168,81,46,Withdrawal,132.83,Pending
1169,39,119,Deposit,414.06,Failed
1170,9,149,Transfer,917.81,Pending
1171,48,108,Deposit,39.72,Completed
1172,28,57,Withdrawal,303.34,Failed
1173,80,122,Withdrawal,384.03,Pending
1174,55,142,Withdrawal,817.92,Failed
1175,30,195,Transfer,584.6,Completed
1176,61,41,Withdrawal,93.07,Failed
1177,1,101,Deposit,466.03,Pending
1178,41,154,Withdrawal,704.43,Pending
1179,27,135,Deposit,703.75,Completed
1180,59,73,Withdrawal,298.85,Failed
1181,23,113,Transfer,152.16,Completed
1182,97,89,Transfer,792.04,Completed
1183,70,36,Withdrawal,459.53,Failed
1184,48,108,Deposit,27.85,Failed
1185,16,49,Transfer,765.33,Pending
1186,88,19,Withdrawal,917.22,Failed
1187,31,158,Transfer,474.36,Pending
1188,51,103,Deposit,785.81,Completed
1189,59,73,Withdrawal,562.18,Pending
1190,71,51,Withdrawal,62.87,Pending
1191,65,121,Transfer,219.05,Completed
1192,43,114,Transfer,228.58,Failed
1193,69,45,Withdrawal,96.66,Failed
1194,16,49,Withdrawal,12.16,Completed
1195,69,168,Transfer,44.4,Pending
1196,70,36,Transfer,253.56,Failed
1197,14,27,Deposit,316.42,Pending
1198,57,124,Deposit,139.1,Pending
1199,71,138,Transfer,355.23,Completed
1200,43,114,Transfer,776.63,Failed
1201,59,73,Withdrawal,785.58,Failed
1202,4,102,Transfer,35.28,Pending
1203,80,62,Transfer,61.47,Completed
1204,62,144,Transfer,806.09,Pending
1205,57,146,Withdrawal,244.93,Pending
1206,78,136,Deposit,707.38,Completed
1207,43,114,Deposit,557.36,Failed
1208,72,193,Withdrawal,72.59,Completed
1209,44,99,Transfer,132.3,Pending
1210,47,2,Transfer,66.43,Completed
1211,49,110,Withdrawal,276.38,Completed
1212,33,107,Withdrawal,675.69,Completed
1213,38,50,Transfer,314.84,Completed
1214,9,187,Withdrawal,814.85,Failed
1215,89,54,Deposit,738.62,Completed
1216,4,102,Withdrawal,283.41,Pending
1217,67,95,Withdrawal,794.62,Completed
1218,27,135,Withdrawal,327.9,Failed
1219,88,85,Transfer,958.74,Failed
1220,60,15,Transfer,752.68,Failed
1221,81,109,Withdrawal,79.13,Pending
1222,82,65,Withdrawal,989.28,Pending
1223,78,136,Withdrawal,359.85,Pending
1224,2,5,Deposit,662.85,Pending
1225,50,186,Deposit,161.6,Completed
1226,25,111,Transfer,674.88,Completed
1227,96,152,Deposit,689.79,Completed
1228,1,101,Withdrawal,491.18,Failed
1229,20,162,Deposit,778.1,Completed
1230,17,171,Withdrawal,790.99,Completed
1231,14,27,Withdrawal,290.72,Completed
1232,83,7,Deposit,897.51,Completed
1233,35,60,Withdrawal,771.63,Pending
1234,91,151,Transfer,97.54,Failed
1235,85,97,Deposit,516.3,Failed
1236,100,177,Transfer,90.99,Pending
1237,12,29,Withdrawal,284.5,Failed
1238,21,196,Withdrawal,974.9,Completed
1239,54,129,Withdrawal,884.8,Failed
1240,55,184,Transfer,198.45,Pending
1241,92,198,Deposit,401.59,Completed
1242,79,90,Transfer,199.51,Failed
1243,63,25,Withdrawal,167.15,Completed
1244,1,101,Deposit,448.31,Completed
1245,88,85,Deposit,451.29,Pending
1246,98,98,Deposit,924.1,Failed
1247,67,95,Transfer,193.41,Failed
1248,98,100,Withdrawal,259.94,Completed
1249,70,36,Withdrawal,547.34,Pending
1250,71,51,Deposit,553.6,Pending
1251,45,174,Transfer,142.57,Pending
1252,71,51,Deposit,737.21,Pending
1253,30,195,Withdrawal,207.5,Failed
1254,57,146,Withdrawal,22.85,Completed
1255,98,98,Deposit,402.95,Pending
1256,97,67,Withdrawal,267.93,Pending
1257,16,49,Deposit,630.26,Pending
1258,54,81,Withdrawal,581.29,Failed
1259,31,158,Withdrawal,351.13,Completed
1260,9,182,Transfer,581.76,Completed
1261,82,58,Transfer,962.45,Completed
1262,91,173,Deposit,734.06,Failed
1263,83,7,Withdrawal,205.85,Pending
1264,23,113,Deposit,159.77,Pending
1265,42,179,Transfer,459.91,Completed
1266,73,123,Deposit,797.92,Pending
1267,12,116,Transfer,549.44,Pending
1268,88,172,Transfer,45.06,Failed
1269,63,25,Withdrawal,14.7,Pending
1270,68,6,Deposit,130.78,Pending
1271,64,66,Transfer,748.09,Completed
1272,78,136,Transfer,144.81,Completed
1273,75,175,Withdrawal,242.97,Pending
1274,34,61,Transfer,117.3,Failed
1275,25,111,Deposit,730.26,Failed
1276,70,36,Deposit,812.92,Completed
1277,100,177,Deposit,217.89,Failed
1278,81,180,Deposit,583.8,Completed
1279,89,54,Deposit,826.24,Completed
1280,90,117,Deposit,253.99,Pending
1281,3,104,Transfer,487.24,Failed
1282,25,111,Withdrawal,915.34,Failed
1283,1,101,Withdrawal,58.65,Pending
1284,31,183,Withdrawal,465.05,Completed
1285,66,70,Deposit,657.58,Failed
1286,79,90,Transfer,356.76,Completed
1287,33,107,Deposit,234.71,Completed
1288,76,96,Transfer,271.4,Completed
1289,21,196,Transfer,693.48,Failed
1290,47,20,Deposit,123.42,Completed
1291,67,95,Withdrawal,46.21,Failed
1292,47,2,Withdrawal,393.27,Pending
1293,45,24,Withdrawal,533.28,Pending
1294,11,22,Deposit,673.44,Completed
1295,2,5,Deposit,578.79,Pending
1296,45,28,Withdrawal,655.03,Completed
1297,3,159,Transfer,381.94,Completed
1298,28,57,Withdrawal,939.26,Completed
1299,44,170,Deposit,812.89,Completed
1300,68,148,Withdrawal,410.31,Pending
1301,73,21,Deposit,270.67,Pending
1302,9,71,Deposit,948.44,Completed
1303,2,5,Deposit,846.78,Pending
1304,43,114,Transfer,512.14,Completed
1305,17,171,Deposit,652.27,Failed
1306,75,175,Withdrawal,587.05,Failed
1307,82,65,Withdrawal,393.2,Failed
1308,100,177,Transfer,555.65,Completed
1309,67,95,Withdrawal,360.9,Completed
1310,21,196,Withdrawal,335.91,Failed
1311,47,20,Transfer,456.89,Pending
1312,15,126,Transfer,871.42,Completed
1313,30,192,Transfer,122.05,Completed
1314,96,152,Deposit,399.59,Completed
1315,91,173,Deposit,13.66,Pending
1316,16,49,Withdrawal,759.79,Completed
1317,87,39,Transfer,111.46,Completed
1318,75,175,Deposit,534.47,Pending
1319,78,136,Deposit,498.99,Completed
1320,97,89,Withdrawal,819.44,Completed
1321,4,102,Transfer,353.06,Failed
1322,12,29,Withdrawal,932.81,Failed
1323,52,68,Transfer,632.83,Pending
1324,31,183,Transfer,466.25,Pending
1325,38,14,Transfer,804.08,Completed
1326,90,185,Withdrawal,181.17,Failed
1327,19,200,Transfer,996.89,Completed
1328,47,20,Deposit,624.0,Pending
1329,37,140,Deposit,303.13,Pending
1330,64,31,Withdrawal,14.3,Completed
1331,10,169,Transfer,125.93,Failed
1332,25,111,Withdrawal,531.22,Pending
1333,1,101,Deposit,355.56,Failed
1334,50,93,Deposit,369.96,Completed
1335,46,72,Transfer,910.11,Pending
1336,14,37,Deposit,82.35,Completed
1337,34,147,Deposit,97.16,Pending
1338,46,72,Withdrawal,315.75,Failed
1339,91,30,Transfer,96.86,Completed
1340,28,57,Deposit,982.93,Failed
1341,67,95,Withdrawal,996.32,Pending
1342,76,96,Deposit,867.2,Pending
1343,70,36,Transfer,748.85,Completed
1344,58,32,Deposit,562.16,Completed
1345,90,117,Deposit,293.09,Completed
1346,85,97,Withdrawal,704.69,Failed
1347,10,169,Deposit,909.71,Completed
1348,100,134,Withdrawal,340.91,Completed
1349,51,69,Deposit,296.72,Completed
1350,84,4,Transfer,525.6,Pending
1351,62,160,Withdrawal,214.31,Completed
1352,2,5,Transfer,844.0,Pending
1353,22,76,Deposit,324.79,Failed
1354,47,20,Deposit,105.51,Failed
1355,55,3,Deposit,560.86,Completed
1356,87,39,Deposit,354.68,Failed
1357,33,107,Deposit,263.42,Completed
1358,30,195,Withdrawal,416.71,Failed
1359,67,95,Deposit,364.46,Failed
1360,80,122,Withdrawal,317.55,Pending
1361,88,19,Deposit,707.45,Failed
1362,18,38,Withdrawal,420.91,Failed
1363,81,180,Deposit,832.97,Completed
1364,14,27,Deposit,174.74,Failed
1365,33,33,Transfer,338.15,Pending
1366,12,118,Deposit,985.99,Pending
1367,73,157,Transfer,458.78,Pending
1368,10,169,Transfer,985.92,Completed
1369,24,176,Deposit,572.63,Pending
1370,39,64,Withdrawal,771.03,Failed
1371,15,10,Withdrawal,18.24,Completed
1372,37,112,Withdrawal,138.62,Failed
1373,25,111,Transfer,204.94,Completed
1374,42,53,Transfer,464.91,Completed
1375,78,136,Withdrawal,699.88,Pending
1376,92,34,Withdrawal,883.0,Completed
1377,39,64,Deposit,344.56,Pending
1378,15,126,Withdrawal,48.98,Pending
1379,70,80,Deposit,810.02,Failed
1380,12,118,Withdrawal,48.15,Completed
1381,73,79,Withdrawal,764.54,Pending
1382,28,57,Deposit,675.37,Failed
1383,100,177,Deposit,675.88,Failed
1384,81,46,Deposit,547.67,Completed
1385,22,76,Transfer,203.31,Pending
1386,28,57,Withdrawal,810.56,Completed
1387,76,96,Transfer,528.4,Pending
1388,89,105,Withdrawal,271.63,Pending
1389,64,31,Transfer,92.79,Completed
1390,90,185,Deposit,492.98,Pending
1391,84,131,Withdrawal,652.15,Completed
1392,73,79,Deposit,905.96,Failed
1393,34,147,Transfer,857.44,Failed
1394,72,193,Transfer,273.37,Pending
1395,14,27,Transfer,581.71,Failed
1396,85,97,Withdrawal,575.94,Failed
1397,37,112,Deposit,910.53,Pending
1398,97,17,Deposit,22.18,Completed
1399,91,173,Transfer,452.73,Failed
1400,43,78,Withdrawal,992.92,Completed
1401,2,5,Deposit,88.88,Pending
1402,52,68,Withdrawal,485.74,Failed
1403,17,171,Transfer,545.5,Pending
1404,28,57,Deposit,827.46,Pending
1405,12,44,Withdrawal,34.79,Pending
1406,25,111,Transfer,98.49,Completed
1407,65,121,Transfer,966.53,Failed
1408,59,73,Withdrawal,299.89,Failed
1409,100,177,Withdrawal,637.36,Failed
1410,78,84,Transfer,783.89,Completed
1411,42,150,Transfer,464.72,Completed
1412,23,113,Deposit,328.92,Completed
1413,62,13,Deposit,829.52,Completed
1414,91,30,Withdrawal,663.35,Failed
1415,80,122,Withdrawal,881.12,Pending
1416,97,17,Transfer,537.54,Failed
1417,1,101,Withdrawal,54.25,Completed
1418,68,18,Transfer,45.9,Failed
1419,52,68,Deposit,113.78,Completed
1420,30,195,Withdrawal,503.72,Failed
1421,14,27,Transfer,577.46,Failed
1422,75,175,Transfer,857.23,Completed
1423,14,37,Withdrawal,503.94,Pending
1424,69,168,Withdrawal,342.77,Pending
1425,88,172,Transfer,67.85,Completed
1426,57,146,Transfer,186.55,Failed
1427,47,20,Transfer,881.16,Completed
1428,12,116,Transfer,96.82,Completed
1429,60,15,Deposit,683.37,Pending
1430,34,147,Withdrawal,616.55,Completed
1431,55,184,Withdrawal,290.87,Pending
1432,96,152,Withdrawal,507.49,Completed
1433,68,148,Transfer,578.39,Failed
1434,82,47,Deposit,250.5,Pending
1435,92,83,Deposit,277.68,Pending
1436,2,5,Deposit,749.94,Failed
1437,88,19,Withdrawal,38.09,Pending
1438,87,39,Deposit,300.78,Completed
1439,73,21,Deposit,304.79,Pending
1440,11,22,Deposit,67.3,Completed
1441,16,49,Deposit,413.89,Completed
1442,89,105,Deposit,275.12,Failed
1443,12,44,Deposit,862.28,Completed
1444,87,39,Withdrawal,461.18,Failed
1445,23,16,Transfer,558.96,Failed
1446,17,171,Deposit,407.49,Failed
1447,46,72,Deposit,509.51,Completed
1448,78,136,Transfer,211.86,Completed
1449,72,193,Withdrawal,104.13,Completed
1450,61,41,Transfer,511.39,Pending
1451,100,177,Withdrawal,296.8,Pending
1452,9,71,Transfer,588.4,Failed
1453,11,23,Transfer,725.12,Failed
1454,47,20,Transfer,585.67,Failed
1455,33,107,Withdrawal,195.42,Completed
1456,67,95,Withdrawal,318.36,Failed
1457,9,149,Deposit,799.07,Pending
1458,12,29,Withdrawal,462.08,Completed
1459,83,7,Withdrawal,70.36,Completed
1460,15,126,Deposit,584.29,Completed
1461,76,96,Deposit,486.51,Completed
1462,82,65,Transfer,592.44,Completed
1463,48,155,Withdrawal,729.26,Completed
1464,23,16,Transfer,241.57,Completed
1465,81,109,Deposit,710.08,Pending
1466,66,70,Transfer,327.96,Completed
1467,76,96,Transfer,426.27,Failed
1468,31,183,Transfer,868.16,Completed
1469,84,131,Withdrawal,656.59,Pending
1470,38,191,Deposit,752.61,Completed
1471,31,158,Withdrawal,900.78,Completed
1472,65,121,Transfer,537.54,Completed
1473,81,180,Transfer,22.69,Pending
1474,96,152,Transfer,628.2,Failed
1475,78,84,Transfer,362.23,Failed
1476,67,95,Withdrawal,924.95,Failed
1477,97,89,Transfer,335.88,Failed
1478,59,73,Withdrawal,615.43,Pending
1479,20,162,Deposit,235.94,Failed
1480,10,169,Transfer,34.22,Pending
1481,49,141,Withdrawal,181.87,Failed
1482,22,76,Transfer,596.37,Failed
1483,90,185,Withdrawal,452.31,Failed
1484,34,59,Deposit,793.04,Completed
1485,4,102,Deposit,953.82,Completed
1486,89,54,Deposit,419.54,Pending
1487,49,110,Deposit,398.43,Failed
1488,64,31,Deposit,670.69,Failed
1489,60,15,Transfer,57.62,Pending
1490,42,179,Withdrawal,881.1,Pending
1491,59,73,Withdrawal,464.17,Failed
1492,31,26,Deposit,701.98,Failed
1493,76,96,Withdrawal,707.14,Failed
1494,98,100,Withdrawal,30.12,Completed
1495,45,24,Transfer,540.25,Pending
1496,76,96,Deposit,255.37,Completed
1497,24,176,Transfer,448.11,Pending
1498,37,82,Withdrawal,565.42,Completed
1499,66,70,Deposit,602.44,Failed
1500,80,122,Transfer,173.11,Completed
1501,67,95,Transfer,981.38,Completed
1502,75,175,Deposit,671.97,Completed
1503,90,117,Withdrawal,32.44,Completed
1504,12,118,Deposit,790.19,Failed
1505,64,31,Deposit,638.92,Failed
1506,15,126,Transfer,895.99,Failed
1507,4,102,Transfer,556.24,Completed
1508,44,99,Transfer,828.82,Pending
1509,98,100,Withdrawal,571.92,Completed
1510,3,115,Withdrawal,262.96,Failed
1511,68,148,Deposit,225.89,Pending
1512,11,22,Transfer,940.29,Pending
1513,27,135,Deposit,347.21,Completed
1514,75,175,Withdrawal,225.07,Failed
1515,89,54,Withdrawal,456.43,Completed
1516,78,136,Deposit,607.27,Completed
1517,82,47,Transfer,462.86,Pending
1518,66,70,Deposit,117.69,Pending
1519,68,18,Deposit,960.0,Pending
1520,18,38,Transfer,667.0,Pending
1521,51,69,Deposit,640.9,Pending
1522,51,103,Withdrawal,20.86,Failed
1523,46,72,Withdrawal,999.34,Failed
1524,27,135,Withdrawal,62.89,Completed
1525,79,90,Withdrawal,876.47,Failed
1526,70,80,Transfer,516.52,Completed
1527,37,106,Deposit,583.32,Pending
1528,33,33,Deposit,549.17,Completed
1529,33,33,Withdrawal,695.01,Failed
1530,41,154,Withdrawal,969.9,Pending
1531,78,84,Withdrawal,106.37,Completed
1532,67,95,Deposit,147.73,Completed
1533,73,157,Withdrawal,424.79,Pending
1534,80,122,Transfer,310.83,Pending
1535,58,32,Deposit,682.6,Pending
1536,69,45,Withdrawal,592.09,Failed
1537,58,32,Transfer,620.91,Failed
1538,68,18,Transfer,75.06,Failed
1539,96,137,Deposit,594.26,Pending
1540,20,164,Deposit,209.06,Pending
1541,75,175,Withdrawal,368.58,Pending
1542,9,149,Transfer,876.78,Failed
1543,54,81,Transfer,226.45,Failed
1544,1,101,Transfer,803.33,Completed
1545,43,114,Deposit,422.88,Pending
1546,39,64,Deposit,936.38,Failed
1547,88,85,Transfer,966.55,Completed
1548,44,88,Deposit,477.51,Completed
1549,83,7,Transfer,539.7,Failed
1550,73,157,Withdrawal,47.99,Completed
1551,44,170,Transfer,737.47,Pending
1552,83,7,Withdrawal,909.95,Failed
1553,47,20,Deposit,25.1,Failed
1554,9,132,Deposit,727.96,Completed
1555,43,78,Transfer,617.53,Completed
1556,11,23,Deposit,761.68,Failed
1557,10,77,Transfer,160.31,Pending
1558,64,48,Transfer,843.22,Pending
1559,50,143,Deposit,375.72,Pending
1560,84,131,Transfer,844.61,Failed
1561,28,57,Deposit,434.44,Failed
1562,42,179,Withdrawal,881.36,Completed
1563,35,165,Deposit,320.85,Pending
1564,79,90,Withdrawal,477.42,Completed
1565,62,13,Deposit,57.01,Pending
1566,42,150,Deposit,826.7,Failed
1567,84,4,Withdrawal,947.09,Completed
1568,23,16,Transfer,906.64,Pending
1569,2,5,Transfer,937.62,Failed
1570,51,75,Transfer,33.82,Completed
1571,2,5,Transfer,751.59,Failed
1572,65,121,Deposit,849.36,Pending
1573,21,196,Deposit,67.03,Pending
1574,67,95,Transfer,530.47,Failed
1575,33,33,Withdrawal,971.51,Pending
1576,55,120,Deposit,670.28,Failed
1577,25,111,Transfer,738.38,Failed
1578,47,20,Deposit,306.66,Completed
1579,21,196,Deposit,409.68,Pending
1580,31,26,Withdrawal,53.2,Failed
1581,59,73,Deposit,718.56,Pending
1582,65,121,Withdrawal,81.81,Pending
1583,96,137,Deposit,790.03,Pending
1584,19,200,Transfer,921.71,Completed
1585,84,4,Transfer,253.58,Completed
1586,98,98,Withdrawal,73.67,Completed
1587,30,192,Deposit,344.02,Completed
1588,98,98,Withdrawal,116.61,Failed
1589,56,94,Deposit,167.5,Failed
1590,31,26,Deposit,84.59,Completed
1591,27,135,Deposit,306.0,Pending
1592,78,136,Transfer,732.03,Failed
1593,60,15,Transfer,342.52,Completed
1594,10,145,Withdrawal,471.98,Pending
1595,69,45,Withdrawal,979.45,Completed
1596,72,193,Transfer,973.98,Failed
1597,58,32,Withdrawal,755.3,Completed
1598,16,49,Withdrawal,223.59,Completed
1599,75,175,Deposit,647.84,Completed
1600,18,190,Deposit,784.14,Completed
1601,57,178,Withdrawal,767.76,Pending
1602,19,200,Withdrawal,113.36,Completed
1603,33,107,Transfer,923.43,Failed
1604,3,104,Transfer,986.27,Pending
1605,100,177,Deposit,121.39,Failed
1606,56,94,Transfer,392.99,Pending
1607,23,16,Withdrawal,412.29,Completed
1608,1,101,Deposit,82.16,Failed
1609,85,139,Transfer,994.42,Failed
1610,20,9,Transfer,49.18,Completed
1611,96,137,Transfer,61.22,Pending
1612,34,147,Deposit,680.62,Failed
1613,85,139,Deposit,687.33,Failed
1614,17,171,Withdrawal,330.25,Failed
1615,31,183,Withdrawal,772.77,Failed
1616,72,193,Transfer,550.67,Pending
1617,67,95,Deposit,833.63,Failed
1618,22,92,Withdrawal,382.45,Pending
1619,92,83,Deposit,816.1,Failed
1620,20,162,Withdrawal,693.86,Completed
1621,71,138,Deposit,547.54,Completed
1622,56,94,Transfer,744.76,Pending
1623,15,10,Withdrawal,393.56,Pending
1624,39,1,Withdrawal,515.27,Pending
1625,35,60,Deposit,70.49,Completed
1626,43,114,Deposit,737.56,Completed
1627,89,105,Transfer,208.94,Pending
1628,68,148,Transfer,743.3,Failed
1629,60,15,Transfer,932.87,Completed
1630,100,177,Deposit,667.58,Pending
1631,51,103,Deposit,91.28,Failed
1632,5,128,Withdrawal,280.98,Completed
1633,31,183,Withdrawal,550.52,Completed
1634,88,85,Deposit,945.53,Pending
1635,47,20,Transfer,470.52,Failed
1636,83,7,Deposit,180.9,Failed
1637,58,32,Transfer,918.18,Pending
1638,66,70,Deposit,758.7,Pending
1639,73,123,Withdrawal,57.68,Completed
1640,51,75,Withdrawal,273.81,Failed
1641,88,19,Deposit,521.36,Completed
1642,79,90,Transfer,605.7,Failed
1643,97,17,Transfer,474.17,Pending
1644,27,135,Transfer,931.52,Failed
1645,25,111,Deposit,49.79,Pending
1646,21,196,Transfer,508.95,Failed
1647,50,12,Transfer,670.99,Failed
1648,44,99,Withdrawal,759.87,Pending
1649,55,142,Withdrawal,971.15,Completed
1650,22,130,Withdrawal,661.76,Pending
1651,96,152,Deposit,181.64,Completed
1652,24,176,Transfer,644.43,Pending
1653,4,102,Withdrawal,786.06,Pending
1654,12,118,Withdrawal,419.64,Failed
1655,56,94,Withdrawal,832.44,Failed
1656,11,42,Transfer,238.25,Pending
1657,98,98,Transfer,485.67,Failed
1658,5,128,Deposit,827.37,Failed
1659,33,33,Transfer,223.76,Failed
1660,79,90,Deposit,477.12,Pending
1661,61,41,Withdrawal,555.14,Completed
1662,5,128,Transfer,650.04,Completed
1663,22,92,Withdrawal,113.77,Failed
1664,11,42,Withdrawal,147.96,Completed
1665,1,101,Deposit,108.1,Failed
1666,64,66,Deposit,376.7,Pending
1667,42,150,Transfer,731.1,Completed
1668,84,4,Withdrawal,275.52,Failed
1669,68,6,Transfer,407.77,Completed
1670,16,49,Transfer,455.72,Pending
1671,22,76,Transfer,577.63,Pending
1672,72,193,Transfer,859.71,Failed
1673,17,171,Transfer,858.87,Pending
1674,68,18,Deposit,192.39,Failed
1675,38,191,Transfer,521.99,Completed
1676,34,147,Deposit,67.39,Completed
1677,100,134,Deposit,172.09,Completed
1678,58,32,Transfer,613.48,Completed
1679,85,86,Deposit,968.57,Completed
1680,18,153,Withdrawal,883.4,Failed
1681,34,59,Transfer,742.42,Failed
1682,55,3,Withdrawal,28.27,Pending
1683,41,154,Withdrawal,888.82,Failed
1684,64,31,Deposit,106.73,Failed
1685,27,135,Deposit,936.9,Failed
1686,21,196,Transfer,541.4,Completed
1687,45,24,Withdrawal,577.29,Completed
1688,22,130,Withdrawal,939.83,Completed
1689,47,2,Withdrawal,688.98,Completed
1690,47,2,Deposit,607.49,Pending
1691,52,68,Deposit,73.3,Failed
1692,49,141,Withdrawal,856.18,Completed
1693,21,196,Deposit,863.89,Completed
1694,14,27,Withdrawal,225.13,Failed
1695,60,15,Deposit,238.53,Completed
1696,22,130,Withdrawal,72.04,Pending
1697,4,102,Deposit,920.58,Failed
1698,4,102,Withdrawal,82.48,Completed
1699,64,48,Withdrawal,46.47,Pending
1700,89,54,Transfer,312.74,Failed
1701,1,101,Transfer,507.01,Completed
1702,42,179,Transfer,990.44,Pending
1703,61,41,Deposit,95.95,Completed
1704,83,7,Deposit,376.94,Pending
1705,81,180,Withdrawal,324.02,Completed
1706,51,199,Deposit,333.37,Failed
1707,49,166,Deposit,765.38,Failed
1708,78,84,Transfer,779.41,Failed
1709,19,200,Transfer,601.09,Completed
1710,37,112,Deposit,342.91,Completed
1711,19,200,Withdrawal,81.94,Completed
1712,50,125,Withdrawal,101.73,Pending
1713,85,139,Transfer,540.94,Pending
1714,83,7,Deposit,428.92,Completed
1715,100,134,Transfer,55.42,Pending
1716,37,112,Deposit,67.85,Failed
1717,87,39,Deposit,820.17,Failed
1718,24,176,Withdrawal,24.12,Completed
1719,87,39,Transfer,450.0,Pending
1720,38,50,Transfer,563.4,Pending
1721,14,27,Withdrawal,13.57,Completed
1722,3,159,Withdrawal,364.97,Pending
1723,23,16,Transfer,707.45,Failed
1724,3,159,Withdrawal,283.74,Pending
1725,80,62,Deposit,793.58,Failed
1726,32,91,Deposit,565.14,Pending
1727,49,110,Withdrawal,235.79,Completed
1728,2,5,Transfer,875.0,Failed
1729,10,145,Withdrawal,185.28,Pending
1730,82,47,Deposit,395.03,Pending
1731,78,136,Transfer,986.1,Failed
1732,24,176,Transfer,81.6,Pending
1733,48,155,Transfer,398.22,Completed
1734,48,155,Deposit,967.66,Failed
1735,18,190,Withdrawal,316.61,Failed
1736,32,8,Withdrawal,143.73,Failed
1737,88,19,Deposit,524.48,Pending
1738,63,25,Deposit,693.34,Failed
1739,79,90,Transfer,529.46,Completed
1740,32,91,Deposit,108.23,Completed
1741,46,72,Withdrawal,317.76,Failed
1742,42,150,Deposit,850.06,Failed
1743,71,138,Withdrawal,420.01,Pending
1744,42,53,Transfer,109.84,Failed
1745,64,66,Transfer,768.27,Completed
1746,54,81,Withdrawal,516.72,Completed
1747,11,23,Transfer,458.82,Completed
1748,89,54,Deposit,532.47,Completed
1749,3,159,Transfer,507.4,Pending
1750,81,109,Deposit,203.3,Failed
1751,18,190,Withdrawal,543.1,Completed
1752,34,147,Withdrawal,888.09,Completed
1753,68,148,Transfer,42.01,Pending
1754,39,119,Transfer,730.48,Failed
1755,15,10,Transfer,319.1,Completed
1756,76,96,Withdrawal,986.05,Pending
1757,82,65,Withdrawal,818.35,Completed
1758,64,66,Transfer,932.27,Pending
1759,17,171,Transfer,566.36,Failed
1760,23,113,Deposit,79.08,Failed
1761,43,78,Transfer,983.26,Pending
1762,5,128,Withdrawal,726.84,Failed
1763,12,44,Deposit,391.63,Failed
1764,53,133,Transfer,938.5,Failed
1765,16,49,Deposit,34.27,Pending
1766,64,48,Deposit,161.34,Completed
1767,2,5,Transfer,702.79,Completed
1768,17,171,Transfer,809.11,Pending
1769,62,160,Transfer,91.89,Completed
1770,34,59,Withdrawal,892.1,Completed
1771,70,80,Deposit,921.85,Completed
1772,90,185,Transfer,119.02,Completed
1773,39,56,Deposit,808.39,Pending
1774,22,92,Withdrawal,210.59,Completed
1775,96,137,Deposit,779.56,Failed
1776,72,193,Transfer,863.27,Pending
1777,63,25,Transfer,702.47,Failed
1778,48,155,Deposit,605.85,Completed
1779,17,171,Transfer,60.69,Pending
1780,73,21,Deposit,320.4,Pending
1781,50,12,Transfer,551.11,Failed
1782,87,39,Withdrawal,779.58,Failed
1783,5,128,Deposit,556.41,Completed
1784,44,88,Deposit,267.8,Completed
1785,5,128,Transfer,154.89,Pending
1786,27,135,Withdrawal,721.09,Pending
1787,62,161,Deposit,211.9,Pending
1788,59,73,Deposit,889.06,Pending
1789,58,32,Withdrawal,602.77,Completed
1790,4,102,Withdrawal,80.54,Completed
1791,48,108,Deposit,625.82,Failed
1792,60,15,Transfer,739.68,Pending
1793,1,101,Transfer,848.44,Completed
1794,32,8,Transfer,762.03,Failed
1795,61,41,Transfer,550.46,Failed
1796,83,7,Transfer,862.96,Failed
1797,73,123,Withdrawal,39.4,Failed
1798,27,135,Withdrawal,392.86,Pending
1799,37,112,Deposit,572.67,Completed
1800,60,15,Deposit,327.05,Failed
1801,78,136,Transfer,571.82,Pending
1802,1,101,Withdrawal,242.59,Completed
1803,27,135,Deposit,787.74,Pending
1804,25,111,Deposit,337.65,Completed
1805,96,152,Transfer,354.84,Pending
1806,35,60,Transfer,688.72,Completed
1807,90,185,Withdrawal,724.34,Failed
1808,52,68,Withdrawal,506.8,Failed
1809,84,4,Transfer,22.82,Completed
1810,38,50,Transfer,942.58,Failed
1811,30,11,Deposit,909.74,Completed
1812,54,129,Deposit,529.52,Pending
1813,17,171,Deposit,951.77,Completed
1814,3,104,Transfer,361.96,Completed
1815,78,136,Transfer,925.6,Failed
1816,12,118,Deposit,354.75,Completed
1817,61,41,Deposit,310.56,Completed
1818,82,58,Deposit,62.89,Pending
1819,1,101,Deposit,111.94,Completed
1820,64,48,Deposit,712.34,Failed
1821,73,21,Transfer,642.77,Completed
1822,87,39,Withdrawal,592.94,Failed
1823,57,146,Withdrawal,982.48,Completed
1824,72,193,Transfer,589.51,Pending
1825,55,184,Deposit,472.02,Failed
1826,12,44,Deposit,841.87,Pending
1827,63,25,Deposit,487.35,Completed
1828,35,60,Deposit,944.56,Pending
1829,1,101,Withdrawal,235.06,Failed
1830,72,193,Deposit,570.78,Failed
1831,84,131,Transfer,132.23,Pending
1832,48,155,Deposit,378.76,Completed
1833,89,105,Withdrawal,561.81,Pending
1834,58,32,Deposit,659.81,Completed
1835,78,136,Deposit,804.29,Failed
1836,87,39,Transfer,771.68,Failed
1837,60,15,Withdrawal,891.08,Pending
1838,57,124,Withdrawal,178.96,Pending
1839,67,95,Transfer,90.44,Pending
1840,19,200,Withdrawal,58.66,Failed
1841,3,104,Withdrawal,169.43,Pending
1842,15,10,Deposit,474.05,Pending
1843,3,159,Withdrawal,394.69,Completed
1844,60,15,Deposit,667.46,Pending
1845,80,122,Deposit,103.99,Pending
1846,41,154,Transfer,193.16,Pending
1847,60,15,Withdrawal,558.42,Pending
1848,60,15,Withdrawal,50.27,Pending
1849,85,97,Transfer,59.98,Pending
1850,20,9,Withdrawal,887.23,Pending
1851,4,102,Deposit,308.32,Completed
1852,18,190,Deposit,125.89,Pending
1853,51,194,Withdrawal,170.33,Pending
1854,76,96,Withdrawal,545.22,Failed
1855,89,54,Deposit,358.62,Completed
1856,65,121,Transfer,448.91,Pending
1857,3,104,Deposit,482.35,Failed
1858,63,25,Transfer,339.45,Pending
1859,38,14,Transfer,169.13,Failed
1860,17,171,Transfer,451.12,Completed
1861,90,117,Transfer,451.5,Completed
1862,52,68,Withdrawal,487.22,Failed
1863,9,71,Deposit,98.1,Failed
1864,92,34,Deposit,482.86,Failed
1865,30,192,Transfer,925.78,Completed
1866,18,38,Deposit,537.96,Pending
1867,58,32,Transfer,420.44,Completed
1868,54,163,Deposit,262.42,Pending
1869,48,108,Withdrawal,862.17,Completed
1870,96,152,Deposit,269.79,Completed
1871,67,95,Deposit,730.96,Failed
1872,50,12,Deposit,103.99,Failed
1873,24,176,Deposit,781.55,Completed
1874,69,45,Withdrawal,748.67,Pending
1875,66,70,Transfer,758.23,Pending
1876,61,41,Deposit,703.6,Completed
1877,64,66,Transfer,669.69,Failed
1878,12,116,Deposit,646.08,Failed
1879,83,7,Deposit,918.49,Failed
1880,16,49,Deposit,264.79,Failed
1881,58,32,Withdrawal,377.9,Completed
1882,70,36,Deposit,719.3,Completed
1883,75,175,Withdrawal,305.19,Completed
1884,67,95,Deposit,212.84,Pending
1885,15,10,Deposit,703.99,Completed
1886,24,176,Withdrawal,405.24,Completed
1887,48,108,Transfer,911.69,Pending
1888,67,95,Withdrawal,411.81,Pending
1889,79,90,Withdrawal,893.31,Failed
1890,16,49,Withdrawal,487.4,Completed
1891,53,55,Withdrawal,915.66,Completed
1892,69,45,Transfer,816.26,Pending
1893,42,179,Deposit,473.02,Completed
1894,81,180,Withdrawal,761.26,Completed
1895,4,102,Withdrawal,644.64,Pending
1896,92,83,Deposit,289.63,Completed
1897,47,20,Deposit,21.65,Failed
1898,14,37,Transfer,747.11,Failed
1899,10,77,Withdrawal,883.51,Failed
1900,67,95,Withdrawal,166.61,Failed
1901,2,5,Deposit,736.08,Completed
1902,76,96,Transfer,692.55,Failed
1903,98,100,Withdrawal,397.48,Failed
1904,19,200,Withdrawal,631.06,Failed
1905,64,31,Deposit,982.47,Completed
1906,50,35,Deposit,544.42,Failed
1907,11,23,Withdrawal,154.45,Pending
1908,41,154,Deposit,847.1,Pending
1909,78,84,Deposit,839.05,Pending
1910,5,128,Transfer,139.37,Pending
1911,91,30,Transfer,290.07,Completed
1912,72,193,Withdrawal,463.91,Pending
1913,47,2,Transfer,444.2,Completed
1914,16,49,Transfer,196.74,Pending
1915,53,55,Transfer,701.09,Pending
1916,72,193,Withdrawal,542.57,Pending
1917,35,165,Withdrawal,564.8,Pending
1918,2,5,Transfer,69.32,Pending
1919,24,176,Deposit,83.29,Pending
1920,59,73,Deposit,842.73,Failed
1921,22,130,Withdrawal,209.03,Pending
1922,25,111,Transfer,159.96,Failed
1923,35,60,Transfer,365.04,Pending
1924,21,196,Transfer,611.98,Completed
1925,1,101,Deposit,666.22,Completed
1926,66,70,Transfer,581.95,Failed
1927,82,47,Withdrawal,591.71,Completed
1928,64,48,Deposit,558.17,Completed
1929,85,97,Withdrawal,351.49,Pending
1930,81,109,Withdrawal,911.87,Pending
1931,45,24,Deposit,477.5,Pending
1932,20,9,Deposit,942.66,Pending
1933,81,180,Transfer,262.18,Failed
1934,34,61,Deposit,344.51,Failed
1935,28,57,Transfer,667.0,Pending
1936,11,23,Transfer,136.19,Pending
1937,71,51,Deposit,889.04,Failed
1938,34,61,Transfer,864.09,Completed
1939,3,104,Deposit,86.28,Pending
1940,18,38,Deposit,155.66,Completed
1941,45,174,Withdrawal,627.61,Pending
1942,79,90,Withdrawal,795.11,Failed
1943,11,22,Withdrawal,679.35,Failed
1944,3,115,Transfer,32.79,Pending
1945,30,11,Deposit,638.9,Pending
1946,60,15,Transfer,137.12,Failed
1947,45,28,Withdrawal,78.89,Completed
1948,83,7,Deposit,377.53,Pending
1949,28,57,Transfer,310.56,Failed
1950,37,82,Transfer,233.08,Pending
1951,54,163,Withdrawal,913.25,Pending
1952,21,196,Withdrawal,942.6,Failed
1953,70,36,Withdrawal,333.58,Failed
1954,69,168,Transfer,890.16,Failed
1955,62,13,Transfer,323.8,Completed
1956,56,94,Withdrawal,16.48,Pending
1957,76,96,Transfer,352.55,Failed
1958,24,176,Transfer,377.25,Failed
1959,11,23,Deposit,34.79,Failed
1960,16,49,Withdrawal,56.08,Completed
1961,15,10,Deposit,843.21,Completed
1962,85,139,Deposit,690.94,Pending
1963,9,189,Withdrawal,297.85,Failed
1964,88,172,Transfer,403.26,Pending
1965,5,128,Withdrawal,73.25,Completed
1966,18,38,Deposit,538.48,Failed
1967,4,102,Withdrawal,305.13,Failed
1968,91,151,Deposit,539.75,Failed
1969,22,130,Deposit,267.71,Completed
1970,97,67,Transfer,965.79,Failed
1971,90,185,Withdrawal,612.27,Pending
1972,39,119,Deposit,419.88,Completed
1973,14,37,Transfer,518.78,Pending
1974,64,48,Withdrawal,901.73,Completed
1975,70,36,Deposit,751.79,Pending
1976,43,114,Transfer,490.91,Pending
1977,30,11,Deposit,345.43,Pending
1978,71,51,Transfer,83.12,Completed
1979,64,31,Transfer,339.02,Failed
1980,46,72,Transfer,469.03,Completed
1981,39,56,Transfer,239.14,Failed
1982,79,90,Deposit,745.98,Completed
1983,48,155,Deposit,704.52,Failed
1984,78,136,Withdrawal,253.82,Completed
1985,1,101,Withdrawal,889.04,Pending
1986,17,171,Deposit,335.2,Failed
1987,43,114,Withdrawal,577.96,Pending
1988,58,32,Withdrawal,16.8,Failed
1989,54,163,Deposit,399.89,Completed
1990,4,102,Deposit,591.56,Failed
1991,60,15,Withdrawal,179.15,Pending
1992,43,78,Transfer,987.19,Completed
1993,43,114,Transfer,549.72,Failed
1994,28,57,Withdrawal,429.94,Failed
1995,87,39,Transfer,230.1,Completed
1996,22,76,Transfer,500.88,Failed
1997,24,176,Deposit,829.26,Pending
1998,2,5,Transfer,197.85,Pending
1999,100,177,Withdrawal,684.74,Pending
2000,53,197,Transfer,770.91,Completed
